Employee_ID,Task_ID,Start_Date,End_Date,,Logout_Time
E7771,T78604,09-12-2024,,,17:35:12
E6033,T50429,18-12-2024,,,15:18:49
E6568,T10827,04-01-2025,,,16:25:55
E8101,T44105,21-12-2024,,,19:12:55
E3482,T62977,05-01-2025,,,19:02:33
E2750,T84793,23-12-2024,,,16:15:07
E2511,T30894,17-12-2024,,,15:52:56
E7899,T23438,08-01-2025,,,17:22:59
E2330,T19183,01-01-2025,,,17:50:53
E9483,T81303,05-01-2025,,,16:18:16
E5956,T98994,17-12-2024,,,18:16:47
E3627,T98110,01-01-2025,,,17:26:52
E7673,T15105,01-01-2025,,,16:33:49
E2398,T79119,21-12-2024,,,17:01:46
E6800,T97472,19-01-2025,,,18:48:41
E4660,T91140,23-01-2025,,,17:50:18
E7665,T30077,13-12-2024,,,16:13:57
E1600,T46562,12-01-2025,,,15:58:55
E7053,T29551,07-01-2025,,,19:50:13
E8669,T51644,11-01-2025,,,16:03:26
E2440,T20245,26-12-2024,,,16:05:07
E7077,T82150,16-01-2025,,,18:59:18
E4140,T42543,16-01-2025,,,18:39:08
E7526,T20436,06-01-2025,,,16:19:37
E9887,T68461,05-01-2025,,,16:25:41
E9638,T56134,25-12-2024,,,18:37:36
E6040,T65489,24-12-2024,,,15:46:14
E4269,T16515,15-01-2025,,,15:27:54
E7286,T47579,28-01-2025,,,17:59:11
E4712,T75219,16-12-2024,,,19:01:13
E3233,T64128,16-12-2024,,,16:37:11
E5396,T59696,05-12-2024,,,18:00:33
E2626,T48391,29-01-2025,,,18:12:25
E5760,T30377,18-12-2024,,,18:58:32
E6234,T92956,15-01-2025,,,20:28:31
E8508,T62064,05-12-2024,,,18:05:18
E1692,T99246,27-12-2024,,,18:30:38
E2356,T35740,04-01-2025,,,19:40:28
E1428,T60033,12-12-2024,,,20:29:27
E2619,T10975,04-12-2024,,,18:24:04
E3544,T81681,16-12-2024,,,17:24:48
E1963,T94766,02-01-2025,,,15:55:32
E1205,T28970,18-01-2025,,,17:16:44
E4457,T96754,07-12-2024,,,19:05:31
E1603,T54597,04-12-2024,,,18:42:31
E4933,T98277,04-12-2024,,,17:29:39
E4809,T83992,23-12-2024,,,18:12:03
E3045,T36188,07-12-2024,,,17:46:58
E7728,T93757,09-01-2025,,,17:17:38
E4290,T54477,06-12-2024,,,20:15:36
E3736,T17145,28-12-2024,,,16:57:16
E6752,T98095,29-01-2025,,,20:09:30
E4254,T11854,17-12-2024,,,20:32:12
E5944,T83015,12-12-2024,,,18:58:14
E4709,T34369,11-01-2025,,,20:02:35
E6030,T16060,05-12-2024,,,19:31:02
E1484,T97691,23-12-2024,,,18:19:14
E5748,T54114,12-12-2024,,,19:48:12
E7446,T62206,21-01-2025,,,16:24:06
E6275,T64977,08-01-2025,,,18:07:44
E3755,T26905,28-01-2025,,,18:59:45
E4203,T93408,13-01-2025,,,17:57:26
E6651,T55483,16-12-2024,,,15:28:16
E2027,T39679,18-12-2024,,,16:17:00
E6846,T61385,13-12-2024,,,17:19:09
E8834,T96849,30-01-2025,,,18:03:12
E3565,T39186,16-01-2025,,,16:45:58
E1593,T77301,06-01-2025,,,16:15:34
E3283,T81142,13-01-2025,,,17:28:52
E7862,T28263,04-01-2025,,,18:40:07
E1065,T75866,09-01-2025,,,19:32:36
E4217,T42852,25-12-2024,,,20:40:40
E5643,T99746,30-12-2024,,,20:22:57
E1291,T99608,13-01-2025,,,19:10:19
E6057,T12374,22-12-2024,,,17:15:01
E5832,T29986,10-12-2024,,,17:06:15
E4898,T84180,08-12-2024,,,17:35:13
E9501,T23873,10-12-2024,,,20:20:16
E5656,T43089,24-01-2025,,,15:14:45
E7301,T35518,06-12-2024,,,17:49:23
E9752,T32374,01-12-2024,,,16:34:02
E8564,T22438,03-01-2025,,,18:03:14
E6495,T89561,27-01-2025,,,17:20:18
E2287,T78528,25-12-2024,,,15:40:40
E3890,T70422,13-01-2025,,,18:17:48
E9183,T48464,16-01-2025,,,18:53:19
E4718,T37997,05-12-2024,,,19:12:10
E5445,T79396,05-12-2024,,,18:46:43
E8045,T11953,21-12-2024,,,19:15:39
E5025,T30485,10-01-2025,,,16:12:32
E1443,T31967,22-01-2025,,,19:21:30
E2847,T55392,09-12-2024,,,17:51:13
E9013,T22676,02-12-2024,,,15:53:33
E4878,T33725,31-12-2024,,,17:42:20
E6855,T12985,22-12-2024,,,20:20:17
E9923,T81543,06-01-2025,,,17:08:31
E5799,T24633,05-01-2025,,,15:05:43
E7658,T42929,16-12-2024,,,16:41:37
E5607,T98426,11-12-2024,,,16:59:06
E8043,T18175,16-12-2024,,,18:18:14
E9812,T96406,01-01-2025,,,18:38:34
E4959,T99734,28-12-2024,,,19:35:46
E3727,T40097,03-12-2024,,,20:01:33
E6492,T69082,18-12-2024,,,18:26:13
E2402,T86366,14-12-2024,,,19:15:04
E6316,T47643,25-12-2024,,,19:57:45
E6630,T26044,19-12-2024,,,19:50:51
E7454,T97063,28-01-2025,,,19:42:21
E1648,T12994,03-01-2025,,,18:26:32
E3910,T20839,28-12-2024,,,17:16:42
E3788,T87894,17-12-2024,,,16:41:42
E8112,T19602,07-12-2024,,,17:10:18
E7448,T46970,14-12-2024,,,19:41:25
E2136,T43049,20-01-2025,,,18:53:01
E2746,T48852,16-12-2024,,,19:18:02
E2588,T79939,21-12-2024,,,18:10:47
E2132,T20362,28-12-2024,,,19:05:22
E2546,T54397,22-01-2025,,,19:56:20
E9973,T63274,19-01-2025,,,16:34:37
E8229,T38468,12-12-2024,,,17:28:09
E4204,T86144,06-12-2024,,,20:44:09
E1240,T34512,24-12-2024,,,20:57:30
E5820,T56015,16-12-2024,,,16:28:07
E3878,T15061,14-12-2024,,,20:52:17
E9639,T81517,23-12-2024,,,15:04:36
E4661,T41915,22-01-2025,,,15:28:49
E4434,T17080,09-12-2024,,,17:21:18
E6438,T83892,04-01-2025,,,18:23:49
E2926,T10661,21-12-2024,,,16:15:17
E6474,T78376,14-01-2025,,,18:07:42
E6382,T46769,26-01-2025,,,15:33:56
E5618,T99142,16-01-2025,,,17:16:55
E7150,T51751,02-01-2025,,,19:38:46
E5410,T34346,26-01-2025,,,19:36:52
E5753,T41926,20-01-2025,,,18:05:52
E8383,T69597,10-12-2024,,,17:37:10
E4479,T70110,27-01-2025,,,20:27:36
E3428,T81688,11-01-2025,,,17:09:42
E7456,T75649,09-01-2025,,,17:30:11
E9001,T21454,11-01-2025,,,19:52:18
E4578,T46862,12-12-2024,,,15:40:25
E1401,T87799,06-01-2025,,,20:55:25
E4570,T84648,07-01-2025,,,17:14:49
E8125,T98283,09-01-2025,,,16:58:08
E2137,T22770,28-12-2024,,,16:28:10
E1131,T66666,24-01-2025,,,17:04:22
E8222,T40961,09-12-2024,,,18:50:39
E7094,T90131,02-01-2025,,,17:32:00
E7994,T96495,13-01-2025,,,15:15:27
E5673,T54722,11-12-2024,,,15:52:54
E8260,T20985,25-01-2025,,,17:39:05
E4139,T55998,14-01-2025,,,18:25:12
E4069,T54524,12-12-2024,,,16:27:15
E9132,T50286,02-01-2025,,,17:20:40
E2597,T67933,28-01-2025,,,20:15:17
E9022,T96658,24-01-2025,,,18:44:04
E3746,T31305,01-12-2024,,,15:04:36
E1359,T83661,06-01-2025,,,17:46:50
E3402,T45569,29-01-2025,,,18:17:10
E5138,T49344,17-01-2025,,,16:16:18
E9907,T33469,05-01-2025,,,18:53:30
E3531,T91408,11-12-2024,,,17:12:58
E2958,T88003,31-12-2024,,,17:41:35
E9918,T88869,31-12-2024,,,15:22:34
E7542,T49527,01-01-2025,,,15:11:05
E9438,T73450,18-12-2024,,,17:02:40
E5039,T36512,01-01-2025,,,16:00:14
E9227,T76143,02-12-2024,,,18:27:03
E7351,T71925,19-01-2025,,,17:10:48
E6168,T65907,15-01-2025,,,15:21:09
E8651,T49500,24-12-2024,,,17:54:16
E8295,T13423,18-12-2024,,,17:59:02
E3140,T90308,03-12-2024,,,18:47:51
E8731,T69001,30-12-2024,,,19:37:30
E2574,T36257,28-12-2024,,,17:41:06
E8128,T95516,26-12-2024,,,19:37:21
E6344,T39743,19-12-2024,,,17:35:13
E2124,T52406,16-01-2025,,,17:44:06
E7140,T76493,17-01-2025,,,17:01:22
E6441,T28495,25-01-2025,,,19:14:48
E4287,T64815,09-01-2025,,,17:51:17
E1612,T20747,08-01-2025,,,18:07:12
E5755,T24077,12-12-2024,,,16:29:52
E7657,T27530,03-12-2024,,,16:25:51
E6703,T85387,23-12-2024,,,17:58:22
E7264,T53670,18-01-2025,,,16:58:09
E3065,T54322,20-01-2025,,,18:31:27
E9956,T28441,18-12-2024,,,20:37:01
E8572,T72849,26-01-2025,,,20:17:19
E3256,T37299,05-01-2025,,,16:39:05
E7884,T65960,09-12-2024,,,18:09:36
E3863,T65016,17-01-2025,,,18:19:14
E4698,T58019,09-01-2025,,,17:33:11
E4672,T11870,06-12-2024,,,18:17:45
E9697,T68852,10-01-2025,,,16:14:16
E5982,T80210,02-12-2024,,,17:07:36
E5800,T68643,01-01-2025,,,15:01:45
E3546,T77176,01-12-2024,,,16:38:20
E1291,T77589,12-01-2025,,,17:41:36
E9191,T39975,28-01-2025,,,17:59:14
E9443,T52096,29-01-2025,,,15:25:27
E4934,T61127,15-12-2024,,,16:59:18
E4723,T36282,13-01-2025,,,17:43:34
E4404,T27978,03-01-2025,,,20:26:43
E3462,T42790,24-01-2025,,,19:30:30
E3603,T11754,23-01-2025,,,19:55:38
E2786,T63734,28-01-2025,,,17:48:19
E3330,T97512,24-01-2025,,,17:30:34
E5183,T43459,13-01-2025,,,15:49:42
E7813,T28402,05-01-2025,,,20:47:12
E6180,T21885,07-01-2025,,,18:22:04
E5406,T51169,23-01-2025,,,19:18:48
E5318,T75174,25-01-2025,,,18:30:13
E2906,T40001,05-01-2025,,,15:17:10
E7806,T52165,01-12-2024,,,16:38:45
E6680,T15025,21-12-2024,,,16:33:51
E4685,T22750,24-01-2025,,,16:51:24
E9170,T29128,14-12-2024,,,19:25:14
E4837,T26413,22-12-2024,,,17:01:58
E1996,T23404,04-01-2025,,,17:58:46
E3476,T25576,22-01-2025,,,20:39:52
E1628,T16773,05-12-2024,,,19:14:02
E2236,T91531,06-01-2025,,,19:10:12
E3237,T40364,13-01-2025,,,16:22:00
E9192,T82628,04-12-2024,,,18:13:33
E2038,T35730,13-01-2025,,,17:58:54
E6013,T85602,13-01-2025,,,18:52:51
E3467,T15899,10-01-2025,,,19:07:21
E6497,T77055,10-01-2025,,,16:33:58
E6588,T87184,15-12-2024,,,17:48:50
E9375,T32608,20-12-2024,,,18:09:10
E9793,T38588,12-12-2024,,,19:29:19
E4123,T44250,13-01-2025,,,16:32:41
E2677,T32230,01-12-2024,,,18:05:55
E3585,T66107,07-12-2024,,,15:53:48
E3382,T92342,24-12-2024,,,19:00:36
E7897,T84476,04-12-2024,,,17:11:04
E8836,T20592,13-12-2024,,,17:39:21
E7129,T78196,21-12-2024,,,17:03:02
E5603,T32858,16-01-2025,,,20:19:35
E8421,T63953,12-12-2024,,,20:45:54
E2667,T69461,05-12-2024,,,15:19:18
E8490,T78274,10-01-2025,,,19:23:44
E1195,T29369,06-12-2024,,,16:41:22
E8056,T21939,01-12-2024,,,15:09:01
E8014,T40923,04-01-2025,,,17:57:17
E7402,T24039,12-01-2025,,,18:21:47
E7314,T54455,17-01-2025,,,19:23:47
E8486,T32101,14-12-2024,,,17:05:18
E9609,T79960,26-01-2025,,,18:41:40
E8139,T37047,23-12-2024,,,17:48:23
E2574,T99369,22-12-2024,,,17:31:54
E3230,T47960,13-01-2025,,,16:17:16
E8546,T64308,17-01-2025,,,17:40:46
E4058,T67626,30-12-2024,,,17:31:51
E4311,T68145,06-01-2025,,,19:17:16
E5676,T41361,11-12-2024,,,20:32:15
E4501,T42562,18-12-2024,,,17:20:03
E7010,T33728,09-01-2025,,,17:38:37
E3078,T39136,20-01-2025,,,17:33:50
E9387,T66052,30-12-2024,,,16:34:47
E6443,T35894,16-12-2024,,,19:27:23
E8092,T79774,09-01-2025,,,16:57:49
E6702,T60258,18-12-2024,,,17:41:26
E4226,T92102,18-12-2024,,,17:50:46
E1097,T57517,28-01-2025,,,18:21:35
E3268,T89707,29-12-2024,,,19:43:21
E6605,T81990,18-12-2024,,,15:25:52
E5086,T97869,12-12-2024,,,17:34:45
E5989,T81800,04-12-2024,,,18:34:33
E7331,T79531,16-01-2025,,,15:59:46
E9547,T80185,17-12-2024,,,16:30:13
E1620,T79336,30-01-2025,,,20:09:25
E4718,T51980,22-01-2025,,,20:33:51
E6808,T51305,25-12-2024,,,16:37:48
E6630,T30579,01-12-2024,,,20:20:25
E3268,T59563,07-12-2024,,,17:07:29
E2840,T73440,23-01-2025,,,16:00:25
E4160,T87662,27-12-2024,,,16:55:43
E4069,T89352,31-12-2024,,,17:08:47
E3583,T17875,16-12-2024,,,16:16:07
E8517,T19506,27-01-2025,,,19:03:52
E5766,T84210,21-12-2024,,,18:27:25
E6254,T96265,14-01-2025,,,18:03:42
E8635,T16274,21-01-2025,,,19:34:17
E7734,T18209,09-01-2025,,,16:47:19
E2536,T53998,13-12-2024,,,19:38:41
E1429,T88963,17-12-2024,,,18:03:09
E8715,T26513,15-12-2024,,,19:34:30
E9118,T28416,22-12-2024,,,20:09:34
E3722,T55475,01-12-2024,,,18:28:50
E7802,T93504,18-01-2025,,,18:47:50
E2746,T26425,10-01-2025,,,17:16:53
E2056,T65217,13-01-2025,,,17:26:31
E1143,T88896,24-12-2024,,,17:44:45
E4591,T70444,31-12-2024,,,17:57:29
E5210,T17961,10-12-2024,,,17:15:37
E1434,T38945,29-12-2024,,,16:41:54
E1536,T68402,02-01-2025,,,18:02:02
E7277,T50072,30-12-2024,,,17:06:57
E1072,T31682,12-12-2024,,,18:25:47
E3565,T82398,18-01-2025,,,16:49:21
E3814,T96817,14-12-2024,,,17:42:29
E7224,T95869,24-12-2024,,,17:20:53
E7230,T72943,19-01-2025,,,15:49:44
E2401,T89167,04-12-2024,,,18:01:29
E4739,T15374,04-12-2024,,,18:35:39
E9436,T32856,13-01-2025,,,17:25:15
E7433,T98113,01-01-2025,,,19:47:58
E7643,T47880,23-12-2024,,,16:04:01
E4584,T65673,17-12-2024,,,17:57:02
E6051,T77527,09-01-2025,,,18:44:25
E9509,T69274,20-01-2025,,,15:27:34
E7556,T88311,17-01-2025,,,19:00:31
E5957,T54952,09-01-2025,,,17:56:20
E3596,T74864,15-12-2024,,,17:24:53
E7310,T95506,17-12-2024,,,15:17:21
E9272,T22981,05-12-2024,,,20:53:09
E9841,T55889,15-01-2025,,,18:18:51
E8260,T96082,09-01-2025,,,18:47:05
E6206,T68068,16-01-2025,,,16:58:20
E7619,T89188,28-01-2025,,,16:43:56
E9732,T10043,18-01-2025,,,18:17:46
E2551,T80979,24-01-2025,,,20:17:28
E5802,T63733,14-12-2024,,,18:29:00
E1465,T92186,12-01-2025,,,17:13:52
E2200,T94658,10-01-2025,,,16:09:47
E6463,T28497,26-01-2025,,,16:36:32
E6768,T83808,29-01-2025,,,16:17:31
E6256,T89160,20-01-2025,,,16:44:32
E5803,T33683,16-01-2025,,,15:42:35
E6853,T99811,15-12-2024,,,17:02:04
E3168,T46879,07-12-2024,,,18:38:23
E9639,T39976,04-01-2025,,,18:06:08
E1330,T39481,16-12-2024,,,17:37:48
E7137,T12130,04-12-2024,,,18:22:31
E3427,T63957,03-12-2024,,,18:44:48
E5552,T47259,14-01-2025,,,15:39:18
E5227,T14442,16-12-2024,,,17:59:36
E8211,T15406,14-01-2025,,,17:47:28
E3392,T20227,02-12-2024,,,16:46:18
E8728,T70885,28-01-2025,,,15:47:57
E9298,T78522,26-01-2025,,,17:35:50
E3290,T45050,13-12-2024,,,18:43:05
E3931,T91075,02-12-2024,,,16:46:20
E8618,T56237,22-01-2025,,,16:13:20
E1170,T88663,26-12-2024,,,18:23:05
E5657,T73864,30-12-2024,,,18:46:21
E1583,T10472,06-12-2024,,,17:29:23
E7821,T55244,22-12-2024,,,16:05:38
E8929,T96241,25-12-2024,,,18:43:02
E8967,T80516,07-01-2025,,,17:01:00
E4220,T41776,07-12-2024,,,17:20:56
E7952,T88379,18-01-2025,,,19:46:18
E9059,T68875,24-01-2025,,,16:04:36
E7953,T25374,01-01-2025,,,16:31:51
E4141,T78223,05-12-2024,,,16:52:03
E2626,T70877,16-12-2024,,,19:42:36
E7476,T85656,24-01-2025,,,19:11:30
E3533,T82111,12-12-2024,,,20:15:46
E8783,T42628,30-01-2025,,,17:55:09
E5484,T41503,19-01-2025,,,19:23:07
E8114,T29014,28-12-2024,,,17:03:25
E5142,T56304,14-01-2025,,,18:01:43
E4772,T45745,28-01-2025,,,18:10:36
E1956,T27549,26-12-2024,,,17:37:48
E3383,T81602,22-12-2024,,,18:18:38
E8753,T40438,22-01-2025,,,18:14:16
E7475,T31563,24-01-2025,,,15:52:10
E9004,T30567,08-01-2025,,,19:54:41
E4530,T45454,14-01-2025,,,17:44:44
E1124,T69732,16-01-2025,,,18:44:26
E6023,T66952,11-12-2024,,,17:40:32
E4485,T74395,24-12-2024,,,19:52:55
E2900,T53075,25-01-2025,,,19:33:24
E8144,T69273,09-12-2024,,,18:37:35
E8261,T31652,14-12-2024,,,16:36:06
E3789,T51316,01-12-2024,,,19:34:55
E5023,T25819,04-12-2024,,,18:34:37
E1444,T56004,11-01-2025,,,18:20:37
E7750,T87920,14-12-2024,,,17:04:37
E2485,T22677,26-01-2025,,,17:52:49
E7280,T34005,08-01-2025,,,16:09:56
E3462,T88498,02-01-2025,,,19:33:05
E4345,T69477,06-01-2025,,,17:14:30
E5637,T37790,05-01-2025,,,17:08:28
E9526,T20919,13-12-2024,,,15:23:28
E1531,T28993,12-01-2025,,,16:52:02
E5071,T10590,16-12-2024,,,19:35:37
E9541,T78003,22-12-2024,,,17:18:34
E6735,T63082,29-01-2025,,,17:08:04
E3894,T13097,21-12-2024,,,18:35:57
E4973,T76483,23-12-2024,,,17:39:44
E8471,T53641,20-12-2024,,,16:04:56
E7058,T42523,21-01-2025,,,18:02:00
E9434,T21244,19-12-2024,,,18:35:57
E8089,T45380,03-12-2024,,,18:14:28
E5520,T70012,11-01-2025,,,18:04:40
E8927,T87161,07-12-2024,,,16:08:43
E7882,T46878,27-12-2024,,,18:46:06
E5461,T76253,07-01-2025,,,16:15:38
E9298,T67267,15-12-2024,,,20:29:59
E3874,T69842,02-12-2024,,,17:54:32
E5928,T22100,30-12-2024,,,15:36:38
E4411,T78373,09-12-2024,,,20:53:02
E7971,T65836,24-12-2024,,,18:07:47
E2651,T66736,30-12-2024,,,18:03:06
E5553,T69596,22-01-2025,,,17:23:30
E9680,T67119,26-01-2025,,,18:11:27
E6059,T87204,24-12-2024,,,17:16:54
E8883,T64464,16-01-2025,,,20:25:07
E4518,T28753,18-12-2024,,,16:26:04
E3615,T10991,26-01-2025,,,17:55:23
E8408,T39313,25-12-2024,,,16:31:28
E1280,T84993,06-01-2025,,,15:58:58
E1447,T52030,06-01-2025,,,16:07:46
E5518,T24953,01-12-2024,,,18:49:41
E1415,T16303,24-12-2024,,,19:11:37
E4418,T50605,15-01-2025,,,20:29:00
E1844,T45406,08-01-2025,,,15:16:15
E7361,T92301,16-12-2024,,,18:47:48
E6208,T24885,14-12-2024,,,15:58:06
E5206,T85147,05-12-2024,,,17:08:46
E8802,T68421,07-01-2025,,,19:31:27
E1462,T45052,13-12-2024,,,20:21:26
E2263,T38901,13-12-2024,,,17:05:10
E8122,T19567,08-01-2025,,,18:26:42
E5770,T78542,18-01-2025,,,18:27:53
E8739,T82457,06-12-2024,,,20:20:35
E3962,T79881,25-12-2024,,,18:32:14
E3474,T79648,28-12-2024,,,16:12:31
E4207,T90017,14-01-2025,,,18:31:50
E4318,T43960,30-01-2025,,,16:46:31
E7143,T73257,02-01-2025,,,19:16:41
E7206,T58072,20-01-2025,,,17:21:00
E8304,T43353,26-12-2024,,,17:40:36
E5792,T48800,15-01-2025,,,15:32:21
E2197,T87782,07-01-2025,,,16:59:25
E8063,T45917,18-01-2025,,,20:52:43
E9076,T47037,20-12-2024,,,17:07:41
E9758,T14708,02-01-2025,,,20:49:27
E5830,T40198,05-01-2025,,,18:18:27
E3727,T11673,19-12-2024,,,19:19:33
E6947,T34306,22-01-2025,,,17:16:41
E2181,T16687,23-01-2025,,,18:27:29
E6307,T21020,25-12-2024,,,17:56:49
E1069,T98072,23-01-2025,,,17:54:48
E2454,T75330,27-01-2025,,,17:45:32
E6047,T18870,09-01-2025,,,18:40:17
E2242,T11814,23-01-2025,,,17:59:48
E9271,T26756,16-01-2025,,,17:23:54
E8544,T27036,09-12-2024,,,15:43:27
E4219,T57153,21-01-2025,,,17:19:22
E7788,T53102,10-01-2025,,,16:40:33
E4479,T66520,04-01-2025,,,17:07:38
E9369,T63578,05-12-2024,,,16:34:16
E3910,T62401,03-01-2025,,,17:26:13
E5409,T16168,19-01-2025,,,16:39:52
E8566,T77423,23-01-2025,,,17:17:08
E7369,T68076,01-01-2025,,,20:03:19
E8034,T27299,12-12-2024,,,19:43:12
E1250,T81182,16-01-2025,,,17:36:24
E4924,T37789,30-12-2024,,,18:48:43
E6023,T51602,17-01-2025,,,19:17:17
E5201,T40836,25-01-2025,,,17:15:54
E1315,T61879,15-12-2024,,,19:06:14
E4272,T38549,16-12-2024,,,17:37:21
E5294,T93542,14-01-2025,,,17:08:49
E1519,T46147,11-01-2025,,,18:48:46
E8645,T93051,13-01-2025,,,19:24:43
E6134,T10692,25-01-2025,,,17:48:35
E3329,T28292,05-12-2024,,,20:07:51
E4863,T12413,05-12-2024,,,17:59:10
E1288,T44910,06-12-2024,,,17:02:36
E3223,T41537,25-12-2024,,,19:56:09
E4733,T14931,23-12-2024,,,16:21:29
E6032,T74323,12-12-2024,,,19:06:27
E1214,T16502,26-12-2024,,,20:14:45
E3825,T27013,26-01-2025,,,19:45:27
E2606,T74163,07-01-2025,,,16:07:47
E7878,T45900,14-12-2024,,,18:15:19
E3681,T13321,29-12-2024,,,20:52:06
E3987,T72152,17-12-2024,,,16:16:29
E2369,T78310,24-12-2024,,,19:25:55
E4963,T34020,27-01-2025,,,18:40:30
E8204,T60845,08-12-2024,,,18:42:43
E2158,T67463,26-01-2025,,,19:38:15
E3240,T95135,22-01-2025,,,19:58:18
E6147,T75288,04-12-2024,,,17:46:56
E7668,T49719,14-01-2025,,,18:50:57
E8904,T49418,13-12-2024,,,18:43:19
E9011,T88469,16-01-2025,,,17:02:27
E4120,T33133,15-01-2025,,,18:45:23
E2424,T80652,22-12-2024,,,19:23:22
E7944,T49666,23-12-2024,,,16:34:27
E5372,T45234,05-12-2024,,,15:58:43
E5516,T11019,06-01-2025,,,19:56:12
E2968,T42625,05-01-2025,,,15:15:10
E6613,T91519,26-12-2024,,,18:14:56
E4321,T43438,22-12-2024,,,16:46:20
E9917,T26805,22-01-2025,,,16:27:52
E1726,T74318,24-12-2024,,,15:24:46
E7125,T86299,14-12-2024,,,18:42:48
E7001,T66633,20-12-2024,,,20:00:06
E5766,T26902,18-12-2024,,,16:07:52
E1003,T27237,17-01-2025,,,16:46:06
E1359,T16191,30-01-2025,,,16:35:09
E3332,T36171,22-01-2025,,,18:39:29
E1367,T47131,31-12-2024,,,19:51:48
E6569,T91094,02-01-2025,,,19:49:01
E4605,T90200,10-01-2025,,,16:04:25
E1298,T62039,06-01-2025,,,17:52:52
E1188,T58317,13-12-2024,,,17:04:31
E2707,T79770,11-01-2025,,,15:18:12
E7854,T91096,20-01-2025,,,19:19:14
E2142,T33461,18-01-2025,,,16:12:52
E7815,T53880,15-12-2024,,,20:37:45
E3645,T74827,01-12-2024,,,15:43:17
E3687,T22740,20-12-2024,,,18:44:32
E8474,T94435,30-12-2024,,,19:06:14
E6906,T22781,26-12-2024,,,19:26:31
E9804,T32372,31-12-2024,,,17:33:13
E7780,T60509,15-12-2024,,,17:08:09
E9553,T35609,30-01-2025,,,17:32:16
E7927,T54156,17-12-2024,,,17:38:50
E5220,T70532,23-01-2025,,,20:28:14
E3766,T65326,06-01-2025,,,18:36:01
E2634,T58942,30-01-2025,,,18:09:26
E9833,T51505,07-01-2025,,,20:06:48
E2012,T11655,29-12-2024,,,18:35:24
E4601,T74390,14-01-2025,,,15:40:12
E4105,T65612,01-12-2024,,,17:20:36
E3016,T84790,01-12-2024,,,18:14:38
E9632,T11770,19-01-2025,,,17:08:10
E9693,T67573,10-12-2024,,,19:30:36
E7357,T84801,11-12-2024,,,17:30:48
E5733,T18215,16-01-2025,,,19:39:47
E8738,T86591,24-12-2024,,,19:16:15
E4305,T52647,07-12-2024,,,16:39:35
E3629,T57565,09-01-2025,,,18:34:25
E1505,T61409,24-12-2024,,,17:28:18
E2095,T46544,18-01-2025,,,18:07:12
E1522,T73233,17-12-2024,,,16:17:27
E2401,T26894,07-01-2025,,,20:45:25
E2998,T92498,06-12-2024,,,18:01:23
E9554,T33851,15-01-2025,,,17:59:15
E2208,T92454,31-12-2024,,,16:40:48
E4216,T50619,06-01-2025,,,18:54:55
E6587,T77800,10-01-2025,,,20:20:02
E5122,T29855,14-12-2024,,,19:32:07
E8166,T88644,28-01-2025,,,17:40:03
E7316,T79411,16-12-2024,,,20:03:57
E6118,T38192,08-12-2024,,,18:37:34
E2584,T75734,31-12-2024,,,20:11:14
E7368,T86007,05-12-2024,,,15:23:26
E4021,T18470,29-12-2024,,,16:05:54
E9494,T41902,25-12-2024,,,16:07:22
E8772,T39420,12-12-2024,,,20:17:49
E2232,T24994,15-12-2024,,,17:07:33
E6890,T52603,24-01-2025,,,17:16:42
E7507,T56393,06-12-2024,,,16:52:26
E8919,T29503,21-01-2025,,,20:22:40
E7993,T25364,08-12-2024,,,20:43:14
E1784,T67751,19-12-2024,,,19:38:25
E9680,T44642,19-12-2024,,,16:33:02
E7543,T63948,17-01-2025,,,19:29:25
E6269,T94692,02-12-2024,,,17:13:02
E3960,T46299,02-01-2025,,,16:10:05
E1256,T57538,18-01-2025,,,16:41:19
E5844,T78242,17-12-2024,,,19:33:07
E4482,T67418,03-12-2024,,,18:02:53
E6195,T67620,10-01-2025,,,19:43:38
E5099,T11336,10-01-2025,,,18:16:00
E8987,T68207,26-01-2025,,,18:29:35
E9529,T85829,23-01-2025,,,18:39:01
E8339,T95476,31-12-2024,,,20:07:33
E8539,T67569,25-01-2025,,,19:53:48
E1069,T52575,19-12-2024,,,17:52:23
E7262,T41044,03-01-2025,,,17:27:55
E7317,T27572,12-01-2025,,,18:15:44
E8107,T38309,28-12-2024,,,19:25:02
E3266,T94944,04-01-2025,,,18:30:16
E2112,T97905,26-01-2025,,,18:33:32
E4668,T55191,06-01-2025,,,17:47:20
E5922,T27359,17-12-2024,,,17:58:53
E4532,T39724,06-01-2025,,,19:42:28
E5689,T48347,06-01-2025,,,17:58:36
E4068,T30049,05-12-2024,,,19:00:41
E2406,T28087,28-12-2024,,,16:53:02
E9589,T82954,16-01-2025,,,16:43:25
E3902,T60984,08-01-2025,,,19:19:44
E9007,T76240,22-12-2024,,,15:13:42
E4769,T99681,18-01-2025,,,19:52:17
E1906,T79783,14-01-2025,,,15:51:42
E5462,T19438,26-01-2025,,,17:31:22
E5198,T60200,19-12-2024,,,15:58:20
E6028,T22146,10-01-2025,,,17:28:45
E4683,T52679,09-12-2024,,,18:24:58
E4729,T78853,30-01-2025,,,16:43:59
E9205,T46885,24-01-2025,,,19:09:07
E9738,T30757,05-01-2025,,,18:11:49
E7347,T76816,22-12-2024,,,17:43:21
E8257,T16967,04-12-2024,,,16:52:29
E2490,T12937,25-12-2024,,,15:21:31
E4389,T54166,07-12-2024,,,16:40:33
E4029,T21483,19-01-2025,,,18:49:45
E4011,T10681,01-12-2024,,,20:17:12
E4674,T33075,26-12-2024,,,18:08:20
E6720,T82999,29-01-2025,,,18:31:40
E2014,T20374,23-01-2025,,,19:38:04
E8299,T84510,28-12-2024,,,17:49:15
E1000,T22092,22-01-2025,,,19:38:52
E2603,T40949,30-12-2024,,,17:52:04
E6998,T46986,07-01-2025,,,15:16:47
E5681,T43283,18-12-2024,,,17:36:10
E5061,T83606,22-01-2025,,,19:38:05
E8445,T27171,11-01-2025,,,15:11:15
E1774,T31678,23-01-2025,,,16:59:31
E1244,T62362,24-12-2024,,,18:53:35
E6429,T80951,10-12-2024,,,17:06:17
E2281,T13117,18-12-2024,,,19:55:17
E2844,T57281,03-12-2024,,,18:01:04
E4991,T31146,09-12-2024,,,16:49:08
E8487,T71408,26-01-2025,,,17:36:49
E5970,T48647,16-12-2024,,,17:14:49
E5283,T50441,13-12-2024,,,18:53:17
E2669,T24723,15-12-2024,,,18:45:00
E1916,T38198,14-01-2025,,,15:24:31
E7022,T22296,29-12-2024,,,19:00:44
E7948,T70229,11-01-2025,,,19:00:09
E3822,T52497,22-12-2024,,,18:42:41
E5005,T59050,02-12-2024,,,18:52:11
E8985,T39216,27-01-2025,,,18:27:21
E9711,T44915,14-01-2025,,,18:20:37
E4966,T51350,30-12-2024,,,18:47:35
E4208,T23930,04-12-2024,,,20:40:32
E1040,T29774,29-01-2025,,,19:40:31
E1813,T32825,27-01-2025,,,18:25:44
E9604,T29473,04-01-2025,,,20:00:28
E4687,T87316,10-12-2024,,,18:17:24
E3424,T71719,06-12-2024,,,18:06:16
E8322,T66820,10-12-2024,,,15:44:21
E1112,T43465,11-12-2024,,,17:59:36
E5282,T38937,16-12-2024,,,16:31:45
E5708,T85825,16-01-2025,,,19:42:03
E7941,T49083,22-01-2025,,,17:08:03
E2833,T78929,13-01-2025,,,19:06:16
E3773,T68356,01-12-2024,,,17:15:59
E7117,T61532,01-01-2025,,,20:02:09
E2029,T88884,20-01-2025,,,16:59:34
E9182,T50304,04-01-2025,,,19:32:19
E1434,T92829,03-12-2024,,,17:03:46
E4664,T36993,08-01-2025,,,18:49:28
E2515,T60731,09-12-2024,,,16:16:03
E3774,T89815,21-12-2024,,,18:47:02
E7897,T23553,09-01-2025,,,18:13:13
E8041,T28075,18-01-2025,,,17:56:20
E7330,T96634,28-12-2024,,,17:35:16
E5564,T16630,20-01-2025,,,16:55:32
E9352,T86993,24-01-2025,,,15:58:52
E8783,T54978,08-12-2024,,,19:46:30
E2205,T10637,20-01-2025,,,20:09:44
E6459,T63245,03-12-2024,,,15:23:13
E6963,T90565,07-01-2025,,,18:23:24
E3205,T78338,31-12-2024,,,18:20:09
E6913,T83776,02-01-2025,,,16:09:47
E9327,T60020,12-12-2024,,,18:22:53
E9408,T82531,14-01-2025,,,17:53:33
E7645,T27936,09-01-2025,,,17:11:57
E2866,T18615,14-01-2025,,,15:35:32
E2428,T44028,11-12-2024,,,18:14:34
E9883,T80905,11-12-2024,,,17:53:57
E7634,T58272,23-01-2025,,,18:19:27
E1280,T73850,13-01-2025,,,18:53:30
E8413,T72070,29-01-2025,,,18:10:16
E2016,T67782,24-12-2024,,,19:28:34
E4189,T18065,31-12-2024,,,19:47:06
E1842,T12500,20-12-2024,,,15:15:00
E8074,T86472,17-01-2025,,,16:05:47
E6238,T80617,17-01-2025,,,18:55:15
E3865,T73690,08-12-2024,,,16:32:43
E3863,T10689,28-01-2025,,,16:39:12
E8148,T78202,01-12-2024,,,17:08:57
E2394,T56268,25-12-2024,,,18:27:00
E7102,T23358,02-01-2025,,,18:11:08
E4819,T49842,26-12-2024,,,19:17:01
E1844,T63340,01-12-2024,,,19:08:23
E2363,T36162,06-01-2025,,,18:38:22
E2857,T55021,23-12-2024,,,17:48:24
E9293,T37484,07-01-2025,,,17:27:35
E1476,T30283,06-12-2024,,,19:28:43
E8636,T71099,21-01-2025,,,17:18:53
E5583,T41103,22-01-2025,,,18:22:31
E7283,T13082,18-12-2024,,,17:47:17
E1024,T28378,25-01-2025,,,19:26:30
E8766,T98446,04-01-2025,,,15:44:58
E2297,T31847,12-01-2025,,,19:40:35
E9237,T51664,09-01-2025,,,20:40:18
E6358,T22260,21-01-2025,,,17:48:10
E2950,T79766,24-12-2024,,,18:47:57
E7022,T17672,02-12-2024,,,19:43:57
E8553,T92168,25-01-2025,,,18:18:47
E6613,T85974,24-01-2025,,,16:32:25
E6774,T23020,10-12-2024,,,17:23:38
E7673,T36676,03-12-2024,,,16:22:58
E6260,T19234,03-01-2025,,,16:41:53
E1285,T84784,29-12-2024,,,17:34:00
E5372,T71320,05-12-2024,,,17:51:35
E1907,T39749,19-12-2024,,,17:11:46
E9395,T76280,22-12-2024,,,20:45:06
E2892,T67918,12-01-2025,,,15:56:47
E3129,T52044,19-01-2025,,,20:27:44
E1616,T36512,14-01-2025,,,18:01:11
E2849,T67200,18-12-2024,,,19:42:09
E4055,T10932,27-12-2024,,,18:32:00
E6335,T34171,15-12-2024,,,18:41:27
E1198,T35861,02-01-2025,,,18:37:03
E7490,T59055,08-01-2025,,,19:37:57
E3670,T67457,26-12-2024,,,19:25:58
E3704,T79330,03-01-2025,,,17:59:05
E3161,T76943,21-12-2024,,,18:10:34
E5716,T62513,16-12-2024,,,18:57:57
E3025,T45446,25-01-2025,,,18:04:21
E9078,T50813,11-01-2025,,,19:05:56
E6392,T36077,02-01-2025,,,19:29:53
E4863,T89745,13-12-2024,,,18:20:35
E8576,T41011,23-12-2024,,,17:19:44
E3044,T19374,02-01-2025,,,17:01:16
E8743,T79916,16-12-2024,,,15:10:05
E9479,T62210,23-12-2024,,,17:03:20
E5634,T75550,20-12-2024,,,18:22:47
E9541,T67372,12-12-2024,,,18:35:48
E1391,T27102,11-01-2025,,,17:52:23
E2819,T25018,20-01-2025,,,19:07:46
E3492,T21962,17-01-2025,,,20:13:58
E1080,T68677,04-01-2025,,,15:16:47
E4532,T49759,10-12-2024,,,20:40:06
E2506,T97196,31-12-2024,,,17:04:56
E4744,T75568,17-12-2024,,,17:15:40
E4507,T64325,23-01-2025,,,16:04:41
E2375,T49414,16-12-2024,,,18:48:50
E2713,T27950,17-01-2025,,,16:43:02
E8857,T35610,12-12-2024,,,19:13:43
E9513,T83831,16-01-2025,,,18:25:54
E7918,T23422,17-12-2024,,,16:37:20
E4921,T11494,21-01-2025,,,15:31:29
E1357,T73613,04-01-2025,,,17:09:20
E6195,T57073,25-12-2024,,,17:48:33
E5950,T67503,13-01-2025,,,16:56:51
E1112,T77281,15-12-2024,,,17:43:52
E3487,T78218,19-01-2025,,,17:36:25
E8629,T87989,26-12-2024,,,17:56:53
E6697,T38779,14-01-2025,,,16:38:06
E3139,T11681,04-01-2025,,,17:10:13
E7378,T63015,04-12-2024,,,17:39:11
E1905,T91827,03-12-2024,,,17:18:30
E7952,T43753,31-12-2024,,,18:41:04
E7275,T85921,11-01-2025,,,18:00:09
E3402,T89433,29-12-2024,,,18:07:48
E7403,T71783,24-01-2025,,,17:25:35
E5835,T88299,31-12-2024,,,16:53:44
E2862,T99482,14-12-2024,,,15:56:04
E8144,T96585,19-12-2024,,,16:52:24
E3056,T77149,27-01-2025,,,17:58:36
E2839,T88024,27-12-2024,,,19:27:22
E6438,T63845,21-01-2025,,,17:05:27
E9960,T33636,25-01-2025,,,18:33:43
E8609,T40912,04-01-2025,,,16:33:55
E4498,T54128,14-01-2025,,,16:24:35
E1423,T46926,12-12-2024,,,16:49:31
E5770,T13154,05-01-2025,,,19:12:50
E2864,T74385,24-12-2024,,,17:00:34
E4260,T93728,12-01-2025,,,19:05:05
E9475,T47237,01-12-2024,,,18:36:45
E5560,T40722,15-01-2025,,,16:36:35
E6997,T45344,13-12-2024,,,20:19:39
E7351,T67372,17-12-2024,,,17:22:24
E1564,T52523,14-01-2025,,,16:20:39
E5232,T50968,04-12-2024,,,19:40:10
E7087,T75451,30-12-2024,,,19:08:22
E6491,T15690,30-12-2024,,,20:46:14
E3442,T22519,24-01-2025,,,17:05:28
E5347,T85612,22-12-2024,,,15:19:46
E6206,T83332,22-12-2024,,,16:24:22
E6122,T75536,18-01-2025,,,18:32:54
E9149,T21324,20-01-2025,,,16:28:27
E7505,T32623,25-01-2025,,,18:35:50
E5435,T23777,25-12-2024,,,17:10:46
E3618,T40023,09-01-2025,,,17:15:08
E3424,T60028,15-01-2025,,,19:39:27
E2481,T40293,10-01-2025,,,16:51:45
E4819,T10507,02-12-2024,,,18:08:15
E8941,T46392,18-01-2025,,,16:46:44
E8672,T26506,09-12-2024,,,19:24:04
E9752,T62904,19-01-2025,,,18:10:52
E5985,T77707,23-12-2024,,,16:23:28
E8559,T91289,22-12-2024,,,16:43:58
E6344,T39708,12-12-2024,,,17:20:34
E5043,T61115,04-01-2025,,,16:00:44
E4011,T69829,25-01-2025,,,20:04:39
E9733,T62669,22-01-2025,,,17:46:40
E6851,T28605,01-01-2025,,,16:40:21
E9108,T79732,06-01-2025,,,16:03:29
E9519,T57075,09-12-2024,,,16:02:00
E3832,T25240,27-12-2024,,,18:07:06
E2096,T37080,10-12-2024,,,17:45:25
E9541,T41336,04-01-2025,,,18:19:48
E4227,T86682,27-12-2024,,,19:26:13
E2529,T33591,01-12-2024,,,19:12:22
E9549,T41245,30-12-2024,,,19:50:44
E8618,T62833,15-12-2024,,,17:10:43
E6223,T36625,02-12-2024,,,15:28:55
E6575,T10303,04-01-2025,,,19:55:38
E6925,T43064,06-01-2025,,,17:06:34
E5421,T94554,01-12-2024,,,19:21:50
E3453,T55559,09-01-2025,,,18:02:24
E1106,T34790,30-12-2024,,,16:38:35
E3925,T98658,07-01-2025,,,19:15:22
E7780,T51742,17-01-2025,,,17:46:02
E2962,T51584,06-01-2025,,,17:49:37
E5644,T76925,11-12-2024,,,16:20:26
E7332,T22194,28-01-2025,,,18:17:17
E5967,T73973,30-12-2024,,,17:40:05
E5886,T24250,05-01-2025,,,19:06:19
E8518,T62810,14-01-2025,,,16:19:23
E5147,T82500,23-12-2024,,,17:14:45
E4511,T23129,04-01-2025,,,20:28:47
E4445,T33762,26-12-2024,,,15:23:40
E7993,T11932,24-12-2024,,,18:07:15
E2185,T33315,29-12-2024,,,17:25:25
E2168,T64071,05-01-2025,,,18:12:10
E8576,T27978,01-01-2025,,,19:13:54
E9072,T93632,08-12-2024,,,20:15:53
E8388,T79522,05-12-2024,,,19:02:32
E6427,T55334,23-01-2025,,,18:14:12
E7393,T86400,08-01-2025,,,17:55:09
E9318,T97598,22-12-2024,,,20:22:14
E9926,T22888,20-01-2025,,,19:45:07
E4451,T83349,21-01-2025,,,15:10:07
E4074,T62459,21-12-2024,,,19:16:25
E9535,T91151,27-12-2024,,,19:26:32
E2011,T61318,16-12-2024,,,17:34:04
E2176,T19440,06-01-2025,,,17:57:36
E9173,T26294,13-01-2025,,,17:18:06
E7338,T34164,02-01-2025,,,19:51:46
E6811,T53503,23-01-2025,,,18:33:37
E4669,T90847,28-12-2024,,,18:42:00
E9357,T77479,17-12-2024,,,19:15:14
E2090,T76866,26-12-2024,,,16:47:50
E5808,T50072,02-01-2025,,,19:25:55
E4016,T31341,06-01-2025,,,16:41:13
E7274,T48275,31-12-2024,,,17:00:50
E5681,T95940,14-12-2024,,,16:30:03
E7368,T91475,17-12-2024,,,17:06:34
E8477,T97186,17-12-2024,,,18:55:59
E4974,T52889,15-01-2025,,,16:00:52
E1539,T13008,08-12-2024,,,17:00:05
E6040,T38852,15-01-2025,,,18:03:08
E9577,T94580,21-01-2025,,,18:04:53
E9211,T59880,16-01-2025,,,17:24:02
E6223,T21293,13-01-2025,,,18:20:05
E6451,T92707,05-01-2025,,,15:37:37
E2017,T81017,04-12-2024,,,16:24:09
E8661,T17076,23-12-2024,,,16:05:47
E3453,T53516,26-12-2024,,,16:28:41
E7028,T46710,17-12-2024,,,16:01:05
E7184,T56175,08-12-2024,,,19:26:53
E3092,T67137,12-12-2024,,,16:47:36
E3798,T92170,06-01-2025,,,15:58:11
E6639,T53882,22-01-2025,,,17:03:43
E6116,T55416,17-12-2024,,,16:04:31
E2933,T81623,04-01-2025,,,17:35:28
E9100,T47896,08-12-2024,,,20:19:33
E5084,T16087,22-01-2025,,,15:22:55
E5139,T11351,12-01-2025,,,16:21:11
E7953,T48399,23-01-2025,,,17:34:47
E2075,T32164,18-12-2024,,,16:45:04
E2302,T79506,04-01-2025,,,17:10:39
E8979,T50922,04-01-2025,,,18:29:01
E5100,T42922,24-12-2024,,,18:24:40
E4326,T85250,02-01-2025,,,16:48:55
E8093,T49178,04-01-2025,,,18:01:02
E9566,T65767,24-12-2024,,,15:44:34
E9732,T80101,21-12-2024,,,18:57:37
E2100,T78693,01-01-2025,,,17:56:09
E8656,T17801,07-01-2025,,,19:51:13
E9463,T56137,26-01-2025,,,18:45:51
E1701,T84355,13-12-2024,,,19:55:23
E8102,T56062,18-12-2024,,,19:17:26
E9704,T10715,29-12-2024,,,17:14:12
E6314,T87795,11-12-2024,,,18:53:16
E8558,T23737,23-01-2025,,,17:27:33
E3618,T18137,04-01-2025,,,17:30:39
E9851,T34740,11-01-2025,,,18:52:54
E3631,T55637,25-12-2024,,,17:56:58
E8070,T87015,04-01-2025,,,15:30:03
E1799,T66134,28-01-2025,,,18:45:00
E7743,T39505,09-12-2024,,,19:26:16
E9278,T56148,13-01-2025,,,18:31:01
E6716,T34022,24-12-2024,,,16:43:16
E2205,T91151,08-01-2025,,,15:13:50
E3058,T61840,14-12-2024,,,18:01:12
E2948,T42307,23-12-2024,,,18:00:54
E9422,T67563,01-12-2024,,,18:04:43
E4559,T53832,02-12-2024,,,18:47:10
E4760,T18443,25-12-2024,,,19:24:37
E8812,T85994,16-01-2025,,,15:13:11
E4866,T55014,02-12-2024,,,19:15:10
E9465,T58498,27-12-2024,,,17:23:55
E6371,T51172,22-12-2024,,,18:53:23
E4032,T37486,01-12-2024,,,19:40:28
E3328,T97138,18-12-2024,,,17:35:19
E8836,T83802,28-01-2025,,,17:48:21
E4010,T18411,27-12-2024,,,18:55:23
E7045,T45406,23-12-2024,,,17:12:52
E2236,T75825,06-01-2025,,,18:19:51
E1030,T38831,14-01-2025,,,17:12:17
E6984,T93993,28-12-2024,,,18:57:56
E9809,T33978,15-01-2025,,,16:55:34
E3111,T73192,22-12-2024,,,17:12:51
E6534,T10759,03-01-2025,,,16:49:28
E2573,T90368,04-01-2025,,,20:03:26
E2210,T59447,04-12-2024,,,18:31:27
E7529,T79701,22-12-2024,,,16:27:27
E9355,T13472,24-12-2024,,,18:01:51
E5868,T51588,28-01-2025,,,17:35:31
E1689,T70199,06-12-2024,,,17:47:00
E1103,T77832,24-01-2025,,,19:24:53
E9379,T62836,18-01-2025,,,19:10:25
E6245,T15664,28-01-2025,,,17:14:57
E2936,T59577,19-12-2024,,,19:36:02
E8455,T77324,09-12-2024,,,18:24:17
E2374,T82719,22-12-2024,,,20:26:49
E8025,T59290,12-01-2025,,,17:05:52
E3721,T36607,29-01-2025,,,18:51:35
E2980,T43630,04-01-2025,,,20:21:23
E7816,T69255,12-12-2024,,,17:45:09
E8078,T94148,03-01-2025,,,18:02:02
E8176,T77877,15-01-2025,,,15:19:49
E5393,T12682,02-01-2025,,,18:49:49
E4735,T48220,04-01-2025,,,18:20:27
E1324,T74085,24-12-2024,,,16:14:27
E6055,T88802,16-01-2025,,,19:59:55
E8290,T89662,27-12-2024,,,16:29:43
E8675,T44494,14-01-2025,,,19:39:19
E2907,T92930,23-12-2024,,,18:21:26
E5306,T40831,06-12-2024,,,16:28:44
E8928,T43940,16-01-2025,,,16:44:21
E1460,T14200,18-01-2025,,,17:33:35
E8456,T44655,24-01-2025,,,16:06:04
E5127,T28484,17-01-2025,,,18:11:57
E5096,T73797,27-01-2025,,,17:35:21
E7970,T59659,23-12-2024,,,17:08:59
E9302,T89623,16-12-2024,,,15:36:51
E2063,T94503,14-01-2025,,,17:19:58
E6098,T67920,10-12-2024,,,16:19:51
E4762,T56272,04-01-2025,,,19:28:28
E5349,T34842,19-01-2025,,,18:56:23
E5685,T63584,01-12-2024,,,19:43:51
E7561,T69924,24-01-2025,,,17:07:40
E5196,T28944,20-12-2024,,,15:33:47
E2238,T84427,26-01-2025,,,20:53:35
E7652,T10419,26-12-2024,,,16:23:45
E4215,T85108,07-12-2024,,,15:02:22
E7954,T68589,18-12-2024,,,19:11:10
E8570,T98379,15-01-2025,,,18:35:43
E5146,T80402,16-01-2025,,,17:55:41
E6744,T98317,07-12-2024,,,18:40:28
E1098,T88696,16-01-2025,,,17:14:41
E6790,T23862,23-12-2024,,,17:39:57
E7349,T75163,06-01-2025,,,19:00:55
E1641,T18593,30-12-2024,,,16:45:45
E7416,T17539,19-01-2025,,,17:18:54
E8562,T41238,27-12-2024,,,19:28:43
E7236,T81423,14-12-2024,,,16:42:05
E5131,T44893,09-01-2025,,,16:30:56
E3375,T89118,06-12-2024,,,17:38:31
E8182,T22579,11-12-2024,,,17:39:07
E2183,T63729,20-12-2024,,,17:14:38
E2378,T17910,21-12-2024,,,19:36:47
E6434,T26705,29-12-2024,,,17:39:21
E1920,T89541,26-12-2024,,,18:27:30
E6379,T77750,26-12-2024,,,17:07:02
E8259,T85048,19-01-2025,,,19:08:52
E8026,T15509,02-12-2024,,,20:08:21
E9828,T17194,25-01-2025,,,18:31:11
E8915,T61893,11-01-2025,,,18:22:27
E3515,T28593,31-12-2024,,,16:03:42
E8203,T97736,16-01-2025,,,15:58:03
E6029,T95538,25-01-2025,,,15:12:23
E5257,T91647,02-12-2024,,,19:54:57
E8231,T58341,24-01-2025,,,17:33:57
E5900,T39780,31-12-2024,,,18:21:58
E5722,T27916,28-12-2024,,,18:13:25
E4020,T45127,14-01-2025,,,19:12:32
E3149,T35197,25-01-2025,,,17:24:33
E1515,T47934,02-01-2025,,,17:07:13
E4657,T97519,20-01-2025,,,19:40:36
E3608,T12696,22-12-2024,,,17:49:34
E9115,T37857,30-01-2025,,,19:06:08
